id;name;text
1;Personal Loan Account Bolivar Fuerte Surinam Dollar;Djibouti deposit CSS
2;Ethiopia;Reverse-engineered sky blue
3;Chair;hacking streamline
4;e-services Lilangeni;Garden Rustic Steel Mouse navigating
5;Sausages visualize Bacon;Central copying
6;Practical Frozen Sausages;architectures Manager Rapids
7;Home Loan Account auxiliary Meadow;digital 24/365 Refined Soft Tuna
8;Handmade Security;Fantastic Granite Bacon back-end Ergonomic Concrete Shirt
9;array composite Kids;compressing cyan
10;Soap;indigo Burundi Sausages
